"Name","ISO3 code","ISO2 Code","Emoji","Hexadecimal","Decimal"
"Ã…land Islands	","ALA","AX","ğŸ‡¦ğŸ‡½","&#x1F1E6; &#x1F1FD;","&#127462; &#127485;"
"Andorra","AND","AD","ğŸ‡¦ğŸ‡©","&#x1F1E6; &#x1F1E9;","&#127462; &#127465;"
"United Arab Emirates","ARE","AE","ğŸ‡¦ğŸ‡ª","&#x1F1E6; &#x1F1EA;","&#127462; &#127466;"
"Afghanistan","AFG","AF","ğŸ‡¦ğŸ‡«","&#x1F1E6; &#x1F1EB;","&#127462; &#127467;"
"Antigua and Barbuda","ATG","AG","ğŸ‡¦ğŸ‡¬","&#x1F1E6; &#x1F1EC;","&#127462; &#127468;"
"Anguilla","AIA","AI","ğŸ‡¦ğŸ‡®","&#x1F1E6; &#x1F1EE;","&#127462; &#127470;"
"Albania","ALB","AL","ğŸ‡¦ğŸ‡±","&#x1F1E6; &#x1F1F1;","&#127462; &#127473;"
"Armenia","ARM","AM","ğŸ‡¦ğŸ‡²","&#x1F1E6; &#x1F1F2;","&#127462; &#127474;"
"Angola","AGO","AO","ğŸ‡¦ğŸ‡´","&#x1F1E6; &#x1F1F4;","&#127462; &#127476;"
"Antarctica","ATA","AQ","ğŸ‡¦ğŸ‡¶","&#x1F1E6; &#x1F1F6;","&#127462; &#127478;"
"Argentina","ARG","AR","ğŸ‡¦ğŸ‡·","&#x1F1E6; &#x1F1F7;","&#127462; &#127479;"
"American Samoa","ASM","AS","ğŸ‡¦ğŸ‡¸","&#x1F1E6; &#x1F1F8;","&#127462; &#127480;"
"Austria","AUT","AT","ğŸ‡¦ğŸ‡¹","&#x1F1E6; &#x1F1F9;","&#127462; &#127481;"
"Australia","AUS","AU","ğŸ‡¦ğŸ‡º","&#x1F1E6; &#x1F1FA;","&#127462; &#127482;"
"Aruba","ABW","AW","ğŸ‡¦ğŸ‡¼","&#x1F1E6; &#x1F1FC;","&#127462; &#127484;"
"Azerbaijan","AZE","AZ","ğŸ‡¦ğŸ‡¿","&#x1F1E6; &#x1F1FF;","&#127462; &#127487;"
"Bosnia and Herzegovina","BIH","BA","ğŸ‡§ğŸ‡¦","&#x1F1E7; &#x1F1E6;","&#127463; &#127462;"
"Barbados","BRB","BB","ğŸ‡§ğŸ‡§","&#x1F1E7; &#x1F1E7;","&#127463; &#127463;"
"Bangladesh","BGD","BD","ğŸ‡§ğŸ‡©","&#x1F1E7; &#x1F1E9;","&#127463; &#127465;"
"Belgium","BEL","BE","ğŸ‡§ğŸ‡ª","&#x1F1E7; &#x1F1EA;","&#127463; &#127466;"
"Burkina Faso","BFA","BF","ğŸ‡§ğŸ‡«","&#x1F1E7; &#x1F1EB;","&#127463; &#127467;"
"Bulgaria","BGR","BG","ğŸ‡§ğŸ‡¬","&#x1F1E7; &#x1F1EC;","&#127463; &#127468;"
"Bahrain","BHR","BH","ğŸ‡§ğŸ‡­","&#x1F1E7; &#x1F1ED;","&#127463; &#127469;"
"Burundi","BDI","BI","ğŸ‡§ğŸ‡®","&#x1F1E7; &#x1F1EE;","&#127463; &#127470;"
"Benin","BEN","BJ","ğŸ‡§ğŸ‡¯","&#x1F1E7; &#x1F1EF;","&#127463; &#127471;"
"St. BarthÃ©lemy	","BLM","BL","ğŸ‡§ğŸ‡±","&#x1F1E7; &#x1F1F1;","&#127463; &#127473;"
"Bermuda","BMU","BM","ğŸ‡§ğŸ‡²","&#x1F1E7; &#x1F1F2;","&#127463; &#127474;"
"Brunei Darussalam","BRN","BN","ğŸ‡§ğŸ‡³","&#x1F1E7; &#x1F1F3;","&#127463; &#127475;"
"Bolivia, Plurinational State of","BOL","BO","ğŸ‡§ğŸ‡´","&#x1F1E7; &#x1F1F4;","&#127463; &#127476;"
"Caribbean Netherlands	","BES","BQ","ğŸ‡§ğŸ‡¶","&#x1F1E7; &#x1F1F6;","&#127463; &#127478;        "
"Brazil","BRA","BR","ğŸ‡§ğŸ‡·","&#x1F1E7; &#x1F1F7;","&#127463; &#127479;"
"Bahamas","BHS","BS","ğŸ‡§ğŸ‡¸","&#x1F1E7; &#x1F1F8;","&#127463; &#127480;"
"Bhutan","BTN","BT","ğŸ‡§ğŸ‡¹","&#x1F1E7; &#x1F1F9;","&#127463; &#127481;"
"Bouvet Island","BVT","BV","ğŸ‡§ğŸ‡»","&#x1F1E7; &#x1F1FB;","&#127463; &#127483;"
"Botswana","BWA","BW","ğŸ‡§ğŸ‡¼","&#x1F1E7; &#x1F1FC;","&#127463; &#127484;"
"Belarus","BLR","BY","ğŸ‡§ğŸ‡¾","&#x1F1E7; &#x1F1FE;","&#127463; &#127486;"
"Belize","BLZ","BZ","ğŸ‡§ğŸ‡¿","&#x1F1E7; &#x1F1FF;","&#127463; &#127487;"
"Canada","CAN","CA","ğŸ‡¨ğŸ‡¦","&#x1F1E8; &#x1F1E6;","&#127464; &#127462;"
"Cocos (Keeling) Islands","CCK","CC","ğŸ‡¨ğŸ‡¨","&#x1F1E8; &#x1F1E8;","&#127464; &#127464;"
"Congo, the Democratic Republic of the","COD","CD","ğŸ‡¨ğŸ‡©","&#x1F1E8; &#x1F1E9;","&#127464; &#127465;"
"Central African Republic","CAF","CF","ğŸ‡¨ğŸ‡«","&#x1F1E8; &#x1F1EB;","&#127464; &#127467;"
"Congo","COG","CG","ğŸ‡¨ğŸ‡¬","&#x1F1E8; &#x1F1EC;","&#127464; &#127468;"
"Switzerland","CHE","CH","ğŸ‡¨ğŸ‡­","&#x1F1E8; &#x1F1ED;","&#127464; &#127469;"
"CØ£Â´te d'Ivoire","CIV","CI","ğŸ‡¨ğŸ‡®	","&#x1F1E8; &#x1F1F7;","&#127464; &#127479;"
"Cook Islands","COK","CK","ğŸ‡¨ğŸ‡°","&#x1F1E8; &#x1F1F0;","&#127464; &#127472;"
"Chile","CHL","CL","ğŸ‡¨ğŸ‡±","&#x1F1E8; &#x1F1F1;","&#127464; &#127473;"
"Cameroon","CMR","CM","ğŸ‡¨ğŸ‡²","&#x1F1E8; &#x1F1F2;","&#127464; &#127474;"
"China","CHN","CN","ğŸ‡¨ğŸ‡³","&#x1F1E8; &#x1F1F3;","&#127464; &#127475;"
"Colombia","COL","CO","ğŸ‡¨ğŸ‡´","&#x1F1E8; &#x1F1F4;","&#127464; &#127476;"
"Costa Rica","CRI","CR","ğŸ‡¨ğŸ‡·	","&#x1F1E8; &#x1F1F7;","&#127464; &#127479;"
"Cuba","CUB","CU","ğŸ‡¨ğŸ‡º","&#x1F1E8; &#x1F1FA;","&#127464; &#127482;        "
"Cape Verde","CPV","CV","ğŸ‡¨ğŸ‡»","&#x1F1E8; &#x1F1FB;","&#127464; &#127483;"
"CuraØ£Â§ao","CUW","CW","ğŸ‡¨ğŸ‡¼","&#x1F1E8; &#x1F1FC;","&#127464; &#127484;        "
"Christmas Island","CXR","CX","ğŸ‡¨ğŸ‡½","&#x1F1E8; &#x1F1FD;","&#127464; &#127485;"
"Cyprus","CYP","CY","ğŸ‡¨ğŸ‡¾","&#x1F1E8; &#x1F1FE;","&#127464; &#127486;        "
"Czech Republic","CZE","CZ","ğŸ‡¨ğŸ‡¿","&#x1F1E8; &#x1F1FF;","&#127464; &#127487;"
"Germany","DEU","DE","ğŸ‡©ğŸ‡ª","&#x1F1E9; &#x1F1EA;","&#127465; &#127466;"
"Djibouti","DJI","DJ","ğŸ‡©ğŸ‡¯","&#x1F1E9; &#x1F1EF;","&#127465; &#127471;"
"Denmark","DNK","DK","ğŸ‡©ğŸ‡°","&#x1F1E9; &#x1F1F0;","&#127465; &#127472;"
"Dominica","DMA","DM","ğŸ‡©ğŸ‡²","&#x1F1E9; &#x1F1F2;","&#127465; &#127474;"
"Dominican Republic","DOM","DO","ğŸ‡©ğŸ‡´","&#x1F1E9; &#x1F1F4;","&#127465; &#127476;"
"Algeria","DZA","DZ","ğŸ‡©ğŸ‡¿","&#x1F1E9; &#x1F1FF;","&#127465; &#127487;"
"Ecuador","ECU","EC","ğŸ‡ªğŸ‡¨","&#x1F1EA; &#x1F1E8;","&#127466; &#127464;"
"Estonia","EST","EE","ğŸ‡ªğŸ‡ª","&#x1F1EA; &#x1F1EA;","&#127466; &#127466;"
"Egypt","EGY","EG","ğŸ‡ªğŸ‡¬","&#x1F1EA; &#x1F1EC;","&#127466; &#127468;"
"Western Sahara","ESH","EH","ğŸ‡ªğŸ‡­","&#x1F1EA; &#x1F1ED;","&#127466; &#127469;"
"Eritrea","ERI","ER","ğŸ‡ªğŸ‡·","&#x1F1EA; &#x1F1F7;","&#127466; &#127479;"
"Spain","ESP","ES","ğŸ‡ªğŸ‡¸","&#x1F1EA; &#x1F1F8;","&#127466; &#127480;"
"Ethiopia","ETH","ET","ğŸ‡ªğŸ‡¹","&#x1F1EA; &#x1F1F9;","&#127466; &#127481;"
"Finland","FIN","FI","ğŸ‡«ğŸ‡®","&#x1F1EB; &#x1F1EE;","&#127467; &#127470;"
"Fiji","FJI","FJ","ğŸ‡«ğŸ‡¯","&#x1F1EB; &#x1F1EF;","&#127467; &#127471;"
"Falkland Islands (Malvinas)","FLK","FK","ğŸ‡«ğŸ‡°","&#x1F1EB; &#x1F1F0;","&#127467; &#127472;"
"Micronesia, Federated States of","FSM","FM","ğŸ‡«ğŸ‡²","&#x1F1EB; &#x1F1F2;","&#127467; &#127474;"
"Faroe Islands","FRO","FO","ğŸ‡«ğŸ‡´","&#x1F1EB; &#x1F1F4;","&#127467; &#127476;"
"France","FRA","FR","ğŸ‡«ğŸ‡·","&#x1F1EB; &#x1F1F7;","&#127467; &#127479;"
"Gabon","GAB","GA","ğŸ‡¬ğŸ‡¦","&#x1F1EC; &#x1F1E6;","&#127468; &#127462;"
"United Kingdom","GBR","GB","ğŸ‡¬ğŸ‡§","&#x1F1EC; &#x1F1E7;","&#127468; &#127463;"
"Grenada","GRD","GD","ğŸ‡¬ğŸ‡©","&#x1F1EC; &#x1F1E9;","&#127468; &#127465;"
"Georgia","GEO","GE","ğŸ‡¬ğŸ‡ª","&#x1F1EC; &#x1F1EA;","&#127468; &#127466;"
"French Guiana","GUF","GF","ğŸ‡¬ğŸ‡«","&#x1F1EC; &#x1F1EB;","&#127468; &#127467;"
"Guernsey","GGY","GG","ğŸ‡¬ğŸ‡¬","&#x1F1EC; &#x1F1EC;","&#127468; &#127468;"
"Ghana","GHA","GH","ğŸ‡¬ğŸ‡­","&#x1F1EC; &#x1F1ED;","&#127468; &#127469;"
"Gibraltar","GIB","GI","ğŸ‡¬ğŸ‡®","&#x1F1EC; &#x1F1EE;","&#127468; &#127470;"
"Greenland","GRL","GL","ğŸ‡¬ğŸ‡±","&#x1F1EC; &#x1F1F1;","&#127468; &#127473;"
"Gambia","GMB","GM","ğŸ‡¬ğŸ‡²","&#x1F1EC; &#x1F1F2;","&#127468; &#127474;"
"Guinea","GIN","GN","ğŸ‡¬ğŸ‡³","&#x1F1EC; &#x1F1F3;","&#127468; &#127475;"
"Guadeloupe","GLP","GP","ğŸ‡¬ğŸ‡µ","&#x1F1EC; &#x1F1F5;","&#127468; &#127477;"
"Equatorial Guinea","GNQ","GQ","ğŸ‡¬ğŸ‡¶","&#x1F1EC; &#x1F1F6;","&#127468; &#127478;"
"Greece","GRC","GR","ğŸ‡¬ğŸ‡·","&#x1F1EC; &#x1F1F7;","&#127468; &#127479;"
"South Georgia and the South Sandwich Islands","SGS","GS","ğŸ‡¬ğŸ‡¸","&#x1F1EC; &#x1F1F8;","&#127468; &#127480;"
"Guatemala","GTM","GT","ğŸ‡¬ğŸ‡¹","&#x1F1EC; &#x1F1F9;","&#127468; &#127481;"
"Guam","GUM","GU","ğŸ‡¬ğŸ‡º","&#x1F1EC; &#x1F1FA;","&#127468; &#127482;"
"Guinea-Bissau","GNB","GW","ğŸ‡¬ğŸ‡¼","&#x1F1EC; &#x1F1FC;","&#127468; &#127484;"
"Guyana","GUY","GY","ğŸ‡¬ğŸ‡¾","&#x1F1EC; &#x1F1FE;","&#127468; &#127486;"
"Hong Kong","HKG","HK","ğŸ‡­ğŸ‡°	","&#x1F1ED; &#x1F1F0;","&#127469; &#127472;"
"Heard Island and McDonald Islands","HMD","HM","ğŸ‡­ğŸ‡²","&#x1F1ED; &#x1F1F2;","&#127469; &#127474;"
"Honduras","HND","HN","ğŸ‡­ğŸ‡³","&#x1F1ED; &#x1F1F3;","&#127469; &#127475;"
"Croatia","HRV","HR","ğŸ‡­ğŸ‡·","&#x1F1ED; &#x1F1F7;","&#127469; &#127479;"
"Haiti","HTI","HT","ğŸ‡­ğŸ‡¹","&#x1F1ED; &#x1F1F9;","&#127469; &#127481;"
"Hungary","HUN","HU","ğŸ‡­ğŸ‡º","&#x1F1ED; &#x1F1FA;","&#127469; &#127482;"
"Indonesia","IDN","ID","ğŸ‡®ğŸ‡©","&#x1F1EE; &#x1F1E9;","&#127470; &#127465;"
"Ireland","IRL","IE","ğŸ‡®ğŸ‡ª","&#x1F1EE; &#x1F1EA;","&#127470; &#127466;"
"Israel","ISR","IL","ğŸ‡®ğŸ‡±","&#x1F1EE; &#x1F1F1;","&#127470; &#127473;"
"Isle of Man","IMN","IM","ğŸ‡®ğŸ‡²","&#x1F1EE; &#x1F1F2;","&#127470; &#127474;"
"India","IND","IN","ğŸ‡®ğŸ‡³","&#x1F1EE; &#x1F1F3;","&#127470; &#127475;"
"British Indian Ocean Territory","IOT","IO","ğŸ‡®ğŸ‡´","&#x1F1EE; &#x1F1F4;","&#127470; &#127476;"
"Iraq","IRQ","IQ","ğŸ‡®ğŸ‡¶","&#x1F1EE; &#x1F1F6;","&#127470; &#127478;"
"Iran, Islamic Republic of","IRN","IR","ğŸ‡®ğŸ‡·","&#x1F1EE; &#x1F1F7;","&#127470; &#127479;"
"Iceland","ISL","IS","ğŸ‡®ğŸ‡¸","&#x1F1EE; &#x1F1F8;","&#127470; &#127480;"
"Italy","ITA","IT","ğŸ‡®ğŸ‡¹","&#x1F1EE; &#x1F1F9;","&#127470; &#127481;"
"Jersey","JEY","JE","ğŸ‡¯ğŸ‡ª","&#x1F1EF; &#x1F1EA;","&#127471; &#127466;"
"Jamaica","JAM","JM","ğŸ‡¯ğŸ‡²","&#x1F1EF; &#x1F1F2;","&#127471; &#127474;"
"Jordan","JOR","JO","ğŸ‡¯ğŸ‡´","&#x1F1EF; &#x1F1F4;","&#127471; &#127476;"
"Japan","JPN","JP","ğŸ‡¯ğŸ‡µ","&#x1F1EF; &#x1F1F5;","&#127471; &#127477;"
"Kenya","KEN","KE","ğŸ‡°ğŸ‡ª","&#x1F1F0; &#x1F1EA;","&#127472; &#127466;"
"Kyrgyzstan","KGZ","KG","ğŸ‡°ğŸ‡¬","&#x1F1F0; &#x1F1EC;","&#127472; &#127468;"
"Cambodia","KHM","KH","ğŸ‡°ğŸ‡­","&#x1F1F0; &#x1F1ED;","&#127472; &#127469;"
"Kiribati","KIR","KI","ğŸ‡°ğŸ‡®","&#x1F1F0; &#x1F1EE;","&#127472; &#127470;"
"Comoros","COM","KM","ğŸ‡°ğŸ‡²","&#x1F1F0; &#x1F1F2;","&#127472; &#127474;"
"Saint Kitts and Nevis","KNA","KN","ğŸ‡°ğŸ‡³","&#x1F1F0; &#x1F1F3;","&#127472; &#127475;"
"Korea, Democratic People's Republic of","PRK","KP","ğŸ‡°ğŸ‡µ","&#x1F1F0; &#x1F1F5;","&#127472; &#127477;"
"South Korea	","KOR","KR","ğŸ‡°ğŸ‡·","&#x1F1F0; &#x1F1F7;","&#127472; &#127479;"
"Kuwait","KWT","KW","ğŸ‡°ğŸ‡¼","&#x1F1F0; &#x1F1FC;","&#127472; &#127484;"
"Cayman Islands","CYM","KY","ğŸ‡°ğŸ‡¾","&#x1F1F0; &#x1F1FE;","&#127472; &#127486;"
"Kazakhstan","KAZ","KZ","ğŸ‡°ğŸ‡¿","&#x1F1F0; &#x1F1FF;","&#127472; &#127487;"
"Lao People's Democratic Republic","LAO","LA","ğŸ‡±ğŸ‡¦","&#x1F1F1; &#x1F1E6;","&#127473; &#127462;"
"Lebanon","LBN","LB","ğŸ‡±ğŸ‡§","&#x1F1F1; &#x1F1E7;","&#127473; &#127463;"
"Saint Lucia","LCA","LC","ğŸ‡±ğŸ‡¨	","&#x1F1F1; &#x1F1E8;","&#127473; &#127464;"
"Liechtenstein","LIE","LI","ğŸ‡±ğŸ‡®","&#x1F1F1; &#x1F1EE;","&#127473; &#127470;"
"Sri Lanka","LKA","LK","ğŸ‡±ğŸ‡°","&#x1F1F1; &#x1F1F0;","&#127473; &#127472;"
"Liberia","LBR","LR","ğŸ‡±ğŸ‡·","&#x1F1F1; &#x1F1F7;","&#127473; &#127479;"
"Lesotho","LSO","LS","ğŸ‡±ğŸ‡¸","&#x1F1F1; &#x1F1F8;","&#127473; &#127480;"
"Lithuania","LTU","LT","ğŸ‡±ğŸ‡¹","&#x1F1F1; &#x1F1F9;","&#127473; &#127481;"
"Luxembourg","LUX","LU","ğŸ‡±ğŸ‡º","&#x1F1F1; &#x1F1FA;","&#127473; &#127482;"
"Latvia","LVA","LV","ğŸ‡±ğŸ‡»","&#x1F1F1; &#x1F1FB;","&#127473; &#127483;"
"Libya","LBY","LY","ğŸ‡±ğŸ‡¾","&#x1F1F1; &#x1F1FE;","&#127473; &#127486;"
"Morocco","MAR","MA","ğŸ‡²ğŸ‡¦","&#x1F1F2; &#x1F1E6;","&#127474; &#127462;"
"Monaco","MCO","MC","ğŸ‡²ğŸ‡¨","&#x1F1F2; &#x1F1E8;","&#127474; &#127464;"
"Moldova, Republic of","MDA","MD","ğŸ‡²ğŸ‡©","&#x1F1F2; &#x1F1E9;","&#127474; &#127465;"
"Montenegro","MNE","ME","ğŸ‡²ğŸ‡ª","&#x1F1F2; &#x1F1EA;","&#127474; &#127466;"
"Saint Martin (French part)","MAF","MF","ğŸ‡²ğŸ‡«","&#x1F1F2; &#x1F1EB;","&#127474; &#127467;"
"Madagascar","MDG","MG","ğŸ‡²ğŸ‡¬","&#x1F1F2; &#x1F1EC;","&#127474; &#127468;"
"Marshall Islands","MHL","MH","ğŸ‡²ğŸ‡­","&#x1F1F2; &#x1F1ED;","&#127474; &#127469;"
"Macedonia, the Former Yugoslav Republic of","MKD","MK","ğŸ‡²ğŸ‡°","&#x1F1F2; &#x1F1F0;","&#127474; &#127472;        "
"Mali","MLI","ML","ğŸ‡²ğŸ‡±","&#x1F1F2; &#x1F1F1;","&#127474; &#127473;"
"Myanmar","MMR","MM","ğŸ‡²ğŸ‡²","&#x1F1F2; &#x1F1F2;","&#127474; &#127474;"
"Mongolia","MNG","MN","ğŸ‡²ğŸ‡³","&#x1F1F2; &#x1F1F3;","&#127474; &#127475;"
"Macao","MAC","MO","ğŸ‡²ğŸ‡´	","&#x1F1F2; &#x1F1F4;","&#127474; &#127476;"
"Northern Mariana Islands","MNP","MP","ğŸ‡²ğŸ‡µ","&#x1F1F2; &#x1F1F5;        ","&#127474; &#127477;"
"Martinique","MTQ","MQ","ğŸ‡²ğŸ‡¶","&#x1F1F2; &#x1F1F6;","&#127474; &#127478;"
"Mauritania","MRT","MR","ğŸ‡²ğŸ‡·","&#x1F1F2; &#x1F1F7;","&#127474; &#127479;"
"Montserrat","MSR","MS","ğŸ‡²ğŸ‡¸","&#x1F1F2; &#x1F1F8;","&#127474; &#127480;"
"Malta","MLT","MT","ğŸ‡²ğŸ‡¹","&#x1F1F2; &#x1F1F9;","&#127474; &#127481;"
"Mauritius","MUS","MU","ğŸ‡²ğŸ‡º","&#x1F1F2; &#x1F1FA;","&#127474; &#127482;"
"Maldives","MDV","MV","ğŸ‡²ğŸ‡»","&#x1F1F2; &#x1F1FB;","&#127474; &#127483;"
"Malawi","MWI","MW","ğŸ‡²ğŸ‡¼","&#x1F1F2; &#x1F1FC;","&#127474; &#127484;"
"Mexico","MEX","MX","ğŸ‡²ğŸ‡½","&#x1F1F2; &#x1F1FD;","&#127474; &#127485;"
"Malaysia","MYS","MY","ğŸ‡²ğŸ‡¾","&#x1F1F2; &#x1F1FE;","&#127474; &#127486;"
"Mozambique","MOZ","MZ","ğŸ‡²ğŸ‡¿","&#x1F1F2; &#x1F1FF;","&#127474; &#127487;"
"Namibia","NAM","NA","ğŸ‡³ğŸ‡¦","&#x1F1F3; &#x1F1E6;","&#127475; &#127462;"
"New Caledonia","NCL","NC","ğŸ‡³ğŸ‡¨","&#x1F1F3; &#x1F1E8;","&#127475; &#127464;"
"Niger","NER","NE","ğŸ‡³ğŸ‡ª","&#x1F1F3; &#x1F1EA;","&#127475; &#127466;"
"Norfolk Island","NFK","NF","ğŸ‡³ğŸ‡«","&#x1F1F3; &#x1F1EB;","&#127475; &#127467;"
"Nigeria","NGA","NG","ğŸ‡³ğŸ‡¬","&#x1F1F3; &#x1F1EC;","&#127475; &#127468;"
"Nicaragua","NIC","NI","ğŸ‡³ğŸ‡®","&#x1F1F3; &#x1F1EE;","&#127475; &#127470;"
"Netherlands","NLD","NL","ğŸ‡³ğŸ‡±","&#x1F1F3; &#x1F1F1;","&#127475; &#127473;"
"Norway","NOR","NO","ğŸ‡³ğŸ‡´","&#x1F1F3; &#x1F1F4;","&#127475; &#127476;"
"Nepal","NPL","NP","ğŸ‡³ğŸ‡µ","&#x1F1F3; &#x1F1F5;","&#127475; &#127477;"
"Nauru","NRU","NR","ğŸ‡³ğŸ‡·","&#x1F1F3; &#x1F1F7;","&#127475; &#127479;"
"Niue","NIU","NU","ğŸ‡³ğŸ‡º","&#x1F1F3; &#x1F1FA;","&#127475; &#127482;"
"New Zealand","NZL","NZ","ğŸ‡³ğŸ‡¿","&#x1F1F3; &#x1F1FF;","&#127475; &#127487;"
"Oman","OMN","OM","ğŸ‡´ğŸ‡²","&#x1F1F4; &#x1F1F2;","&#127476; &#127474;"
"Panama","PAN","PA","ğŸ‡µğŸ‡¦","&#x1F1F5; &#x1F1E6;","&#127477; &#127462;"
"Peru","PER","PE","ğŸ‡µğŸ‡ª","&#x1F1F5; &#x1F1EA;","&#127477; &#127466;"
"French Polynesia","PYF","PF","ğŸ‡µğŸ‡«","&#x1F1F5; &#x1F1EB;","&#127477; &#127467;"
"Papua New Guinea","PNG","PG","ğŸ‡µğŸ‡¬","&#x1F1F5; &#x1F1EC;","&#127477; &#127468;"
"Philippines","PHL","PH","ğŸ‡µğŸ‡­","&#x1F1F5; &#x1F1ED;","&#127477; &#127469;"
"Pakistan","PAK","PK","ğŸ‡µğŸ‡°","&#x1F1F5; &#x1F1F0;","&#127477; &#127472;"
"Poland","POL","PL","ğŸ‡µğŸ‡±","&#x1F1F5; &#x1F1F1;","&#127477; &#127473;"
"Saint Pierre and Miquelon","SPM","PM","ğŸ‡µğŸ‡²","&#x1F1F5; &#x1F1F2;","&#127477; &#127474;"
"Pitcairn","PCN","PN","ğŸ‡µğŸ‡³","&#x1F1F5; &#x1F1F3;","&#127477; &#127475;"
"Puerto Rico","PRI","PR","ğŸ‡µğŸ‡·","&#x1F1F5; &#x1F1F7;","&#127477; &#127479;"
"Palestine, State of","PSE","PS","ğŸ‡µğŸ‡¸","&#x1F1F5; &#x1F1F8;","&#127477; &#127480;"
"Portugal","PRT","PT","ğŸ‡µğŸ‡¹","&#x1F1F5; &#x1F1F9;","&#127477; &#127481;"
"Palau","PLW","PW","ğŸ‡µğŸ‡¼","&#x1F1F5; &#x1F1FC;","&#127477; &#127484;"
"Paraguay","PRY","PY","ğŸ‡µğŸ‡¾","&#x1F1F5; &#x1F1FE;","&#127477; &#127486;"
"Qatar","QAT","QA","ğŸ‡¶ğŸ‡¦","&#x1F1F6; &#x1F1E6;","&#127478; &#127462;"
"RÃ©union","REU","RE","ğŸ‡·ğŸ‡ª","&#x1F1F7; &#x1F1EA;       ","&#127479; &#127466;"
"Romania","ROU","RO","ğŸ‡·ğŸ‡´","&#x1F1F7; &#x1F1F4;","&#127479; &#127476;"
"Serbia","SRB","RS","ğŸ‡·ğŸ‡¸","&#x1F1F7; &#x1F1F8;","&#127479; &#127480;"
"Russian Federation","RUS","RU","ğŸ‡·ğŸ‡º","&#x1F1F7; &#x1F1FA;","&#127479; &#127482;"
"Rwanda","RWA","RW","ğŸ‡·ğŸ‡¼","&#x1F1F7; &#x1F1FC;","&#127479; &#127484;"
"Saudi Arabia","SAU","SA","ğŸ‡¸ğŸ‡¦","&#x1F1F8; &#x1F1E6;","&#127480; &#127462;"
"Solomon Islands","SLB","SB","ğŸ‡¸ğŸ‡§","&#x1F1F8; &#x1F1E7;","&#127480; &#127463;"
"Seychelles","SYC","SC","ğŸ‡¸ğŸ‡¨","&#x1F1F8; &#x1F1E8;","&#127480; &#127464;"
"Sudan","SDN","SD","ğŸ‡¸ğŸ‡©","&#x1F1F8; &#x1F1E9;","&#127480; &#127465;"
"Sweden","SWE","SE","ğŸ‡¸ğŸ‡ª","&#x1F1F8; &#x1F1EA;","&#127480; &#127466;"
"Singapore","SGP","SG","ğŸ‡¸ğŸ‡¬","&#x1F1F8; &#x1F1EC;","&#127480; &#127468;"
"St. Helena	","SHN","SH","ğŸ‡¸ğŸ‡­","&#x1F1F8; &#x1F1ED;","&#127480; &#127469;"
"Slovenia","SVN","SI","ğŸ‡¸ğŸ‡®","&#x1F1F8; &#x1F1EE;","&#127480; &#127470;"
"Svalbard and Jan Mayen","SJM","SJ","ğŸ‡¸ğŸ‡¯","&#x1F1F8; &#x1F1EF;","&#127480; &#127471;"
"Slovakia","SVK","SK","ğŸ‡¸ğŸ‡°","&#x1F1F8; &#x1F1F0;","&#127480; &#127472;"
"Sierra Leone","SLE","SL","ğŸ‡¸ğŸ‡±","&#x1F1F8; &#x1F1F1;","&#127480; &#127473;"
"San Marino","SMR","SM","ğŸ‡¸ğŸ‡²","&#x1F1F8; &#x1F1F2;","&#127480; &#127474;"
"Senegal","SEN","SN","ğŸ‡¸ğŸ‡³","&#x1F1F8; &#x1F1F3;","&#127480; &#127475;"
"Somalia","SOM","SO","ğŸ‡¸ğŸ‡´","&#x1F1F8; &#x1F1F4;","&#127480; &#127476;"
"Suriname","SUR","SR","ğŸ‡¸ğŸ‡·","&#x1F1F8; &#x1F1F7;","&#127480; &#127479;"
"South Sudan","SSD","SS","ğŸ‡¸ğŸ‡¸","&#x1F1F8; &#x1F1F8;","&#127480; &#127480;"
"Sao Tome and Principe","STP","ST","ğŸ‡¸ğŸ‡¹","&#x1F1F8; &#x1F1F9;","&#127480; &#127481;"
"El Salvador","SLV","SV","ğŸ‡¸ğŸ‡»","&#x1F1F8; &#x1F1FB;","&#127480; &#127483;"
"Sint Maarten (Dutch part)","SXM","SX","ğŸ‡¸ğŸ‡½","&#x1F1F8; &#x1F1FD;","&#127480; &#127485;"
"Syrian Arab Republic","SYR","SY","ğŸ‡¸ğŸ‡¾","&#x1F1F8; &#x1F1FE;","&#127480; &#127486;"
"Swaziland","SWZ","SZ","ğŸ‡¸ğŸ‡¿","&#x1F1F8; &#x1F1FF;","&#127480; &#127487;"
"Turks and Caicos Islands","TCA","TC","ğŸ‡¹ğŸ‡¨","&#x1F1F9; &#x1F1E8;","&#127481; &#127464;"
"Chad","TCD","TD","ğŸ‡¹ğŸ‡©","&#x1F1F9; &#x1F1E9;","&#127481; &#127465;"
"French Southern Territories","ATF","TF","ğŸ‡¹ğŸ‡«","&#x1F1F9; &#x1F1EB;","&#127481; &#127467;"
"Togo","TGO","TG","ğŸ‡¹ğŸ‡¬","&#x1F1F9; &#x1F1EC;","&#127481; &#127468;"
"Thailand","THA","TH","ğŸ‡¹ğŸ‡­","&#x1F1F9; &#x1F1ED;","&#127481; &#127469;"
"Tajikistan","TJK","TJ","ğŸ‡¹ğŸ‡¯","&#x1F1F9; &#x1F1EF;","&#127481; &#127471;"
"Tokelau","TKL","TK","ğŸ‡¹ğŸ‡°","&#x1F1F9; &#x1F1F0;","&#127481; &#127472;"
"Timor-Leste","TLS","TL","ğŸ‡¹ğŸ‡±","&#x1F1F9; &#x1F1F1;","&#127481; &#127473;"
"Turkmenistan","TKM","TM","ğŸ‡¹ğŸ‡²","&#x1F1F9; &#x1F1F2;","&#127481; &#127474;"
"Tunisia","TUN","TN","ğŸ‡¹ğŸ‡³","&#x1F1F9; &#x1F1F3;","&#127481; &#127475;"
"Tonga","TON","TO","ğŸ‡¹ğŸ‡´","&#x1F1F9; &#x1F1F4;","&#127481; &#127476;"
"Turkey","TUR","TR","ğŸ‡¹ğŸ‡·","&#x1F1F9; &#x1F1F7;","&#127481; &#127479;"
"Trinidad and Tobago","TTO","TT","ğŸ‡¹ğŸ‡¹","&#x1F1F9; &#x1F1F9;","&#127481; &#127481;"
"Tuvalu","TUV","TV","ğŸ‡¹ğŸ‡»","&#x1F1F9; &#x1F1FB;","&#127481; &#127483;"
"Taiwan, Province of China","TWN","TW","ğŸ‡¹ğŸ‡¼","&#x1F1F9; &#x1F1FC;","&#127481; &#127484;"
"Tanzania, United Republic of","TZA","TZ","ğŸ‡¹ğŸ‡¿","&#x1F1F9; &#x1F1FF;","&#127481; &#127487;"
"Ukraine","UKR","UA","ğŸ‡ºğŸ‡¦","&#x1F1FA; &#x1F1E6;","&#127482; &#127462;"
"Uganda","UGA","UG","ğŸ‡ºğŸ‡¬","&#x1F1FA; &#x1F1EC;","&#127482; &#127468;"
"United States Minor Outlying Islands","UMI","UM","ğŸ‡ºğŸ‡²","&#x1F1FA; &#x1F1F2;","&#127482; &#127474;"
"United States","USA","US","ğŸ‡ºğŸ‡¸","&#x1F1FA; &#x1F1F8;","&#127482; &#127480;"
"Uruguay","URY","UY","ğŸ‡ºğŸ‡¾","&#x1F1FA; &#x1F1FE;","&#127482; &#127486;"
"Uzbekistan","UZB","UZ","ğŸ‡ºğŸ‡¿","&#x1F1FA; &#x1F1FF;","&#127482; &#127487;"
"Holy See (Vatican City State)","VAT","VA","ğŸ‡»ğŸ‡¦","&#x1F1FB; &#x1F1E6;","&#127483; &#127462;        "
"Saint Vincent and the Grenadines","VCT","VC","ğŸ‡»ğŸ‡¨","&#x1F1FB; &#x1F1E8;","&#127483; &#127464;"
"Venezuela, Bolivarian Republic of","VEN","VE","ğŸ‡»ğŸ‡ª","&#x1F1FB; &#x1F1EA;","&#127483; &#127466;"
"Virgin Islands, British","VGB","VG","ğŸ‡»ğŸ‡¬	","&#x1F1FB; &#x1F1EC;","&#127483; &#127468;"
"Virgin Islands, U.S.","VIR","VI","ğŸ‡»ğŸ‡®","&#x1F1FB; &#x1F1EE;","&#127483; &#127470;"
"Viet Nam","VNM","VN","ğŸ‡»ğŸ‡³","&#x1F1FB; &#x1F1F3;","&#127483; &#127475;"
"Vanuatu","VUT","VU","ğŸ‡»ğŸ‡º","&#x1F1FB; &#x1F1FA;","&#127483; &#127482;"
"Wallis and Futuna","WLF","WF","ğŸ‡¼ğŸ‡«","&#x1F1FC; &#x1F1EB;","&#127484; &#127467;"
"Samoa","WSM","WS","ğŸ‡¼ğŸ‡¸","&#x1F1FC; &#x1F1F8;","&#127484; &#127480;"
"Yemen","YEM","YE","ğŸ‡¾ğŸ‡ª","&#x1F1FE; &#x1F1EA;","&#127486; &#127466;"
"Mayotte","MYT","YT","ğŸ‡¾ğŸ‡¹","&#x1F1FE; &#x1F1F9;","&#127486; &#127481;"
"South Africa","ZAF","ZA","ğŸ‡¿ğŸ‡¦","&#x1F1FF; &#x1F1E6;","&#127487; &#127462;"
"Zambia","ZMB","ZM","ğŸ‡¿ğŸ‡²","&#x1F1FF; &#x1F1F2;","&#127487; &#127474;"
"Zimbabwe","ZWE","ZW","ğŸ‡¿ğŸ‡¼","&#x1F1FF; &#x1F1FC;","&#127487; &#127484;"
